GEOID,heatweek_avg_qol_calls,normalweek_avg_qol_calls
36005000100,0.0,0.0
36005000200,18.2,15.857142857142858
36005000400,8.6,9.285714285714286
36005001600,6.8,7.142857142857143
36005001901,14.2,5.714285714285714
36005001902,2.0,4.428571428571429
36005001903,2.2,1.8571428571428572
36005002001,1.6,1.0
36005002002,9.8,7.428571428571429
36005002300,2.4,2.2857142857142856
36005002400,0.2,0.0
36005002500,1.8,2.857142857142857
36005002701,3.2,2.5714285714285716
36005002702,7.6,3.4285714285714284
36005002800,4.6,5.0
36005003100,8.0,7.714285714285714
36005003300,4.2,4.857142857142857
36005003500,7.2,7.714285714285714
36005003700,1.6,2.0
36005003800,3.2,2.5714285714285716
36005003900,3.6,4.0
36005004001,2.6,1.2857142857142858
36005004100,2.8,2.142857142857143
36005004200,2.2,2.0
36005004300,16.0,9.428571428571429
36005004400,2.4,2.2857142857142856
36005004600,0.4,0.7142857142857143
36005004800,7.4,5.285714285714286
36005005001,1.0,2.4285714285714284
36005005002,3.4,4.571428571428571
36005005100,18.6,17.142857142857142
36005005200,3.6,2.142857142857143
36005005300,0.2,2.5714285714285716
36005005400,3.4,2.2857142857142856
36005005600,2.2,4.857142857142857
36005005902,6.2,6.0
36005006000,5.6,4.714285714285714
36005006100,0.4,2.0
36005006200,14.6,13.857142857142858
36005006301,15.0,20.571428571428573
36005006302,0.2,1.1428571428571428
36005006400,6.2,6.0
36005006500,6.4,5.857142857142857
36005006700,5.0,4.428571428571429
36005006800,7.2,5.571428571428571
36005006900,3.4,5.285714285714286
36005007000,2.8,3.142857142857143
36005007100,4.4,5.285714285714286
36005007200,2.0,3.142857142857143
36005007300,4.4,7.857142857142857
36005007400,2.2,2.5714285714285716
36005007500,3.0,5.428571428571429
36005007600,12.0,14.714285714285714
36005007700,1.8,2.142857142857143
36005007800,7.2,7.428571428571429
36005007900,6.4,4.0
36005008300,9.2,6.857142857142857
36005008400,3.8,2.4285714285714284
36005008500,10.6,13.857142857142858
36005008600,1.2,2.857142857142857
36005008700,1.4,2.142857142857143
36005008900,7.0,5.285714285714286
36005009000,2.6,3.0
36005009200,4.2,8.571428571428571
36005009301,5.0,10.571428571428571
36005009302,3.4,4.571428571428571
36005009600,3.6,2.857142857142857
36005009800,10.6,5.857142857142857
36005011000,2.0,0.8571428571428571
36005011502,5.8,7.571428571428571
36005011701,0.8,0.5714285714285714
36005011702,0.0,0.16666666666666666
36005011800,6.0,6.142857142857143
36005011900,1.2,4.285714285714286
36005012101,1.8,1.8571428571428572
36005012102,1.4,2.7142857142857144
36005012300,1.8,5.0
36005012500,2.6,2.857142857142857
36005012701,2.4,1.5714285714285714
36005012901,1.2,2.7142857142857144
36005013000,8.6,4.857142857142857
36005013100,4.4,4.0
36005013200,10.0,13.142857142857142
36005013300,2.2,2.4285714285714284
36005013500,4.4,2.857142857142857
36005013800,6.6,5.571428571428571
36005014100,5.2,11.142857142857142
36005014300,1.2,2.0
36005014400,3.0,4.714285714285714
36005014500,9.4,8.142857142857142
36005014701,2.6,2.7142857142857144
36005014702,2.2,0.7142857142857143
36005014900,1.4,2.7142857142857144
36005015100,3.8,6.0
36005015200,12.6,10.0
36005015300,9.2,7.0
36005015500,1.0,1.4285714285714286
36005015700,6.0,7.571428571428571
36005015800,3.4,3.5714285714285716
36005015900,0.6,2.7142857142857144
36005016000,9.4,9.571428571428571
36005016100,5.0,5.142857142857143
36005016200,4.4,4.857142857142857
36005016300,0.0,0.0
36005016400,2.0,3.0
36005016500,9.2,8.857142857142858
36005016600,5.2,2.5714285714285716
36005016700,1.4,2.0
36005016900,0.2,1.0
36005017100,0.8,0.0
36005017300,1.8,3.0
36005017500,1.6,7.142857142857143
36005017701,4.0,5.0
36005017702,4.4,5.285714285714286
36005017901,2.0,2.142857142857143
36005017902,2.2,5.0
36005018101,4.4,4.0
36005018102,2.4,4.428571428571429
36005018301,5.2,8.571428571428571
36005018302,1.8,2.5714285714285716
36005018400,8.2,7.857142857142857
36005018501,3.2,5.714285714285714
36005018502,3.8,6.142857142857143
36005018900,17.8,25.285714285714285
36005019300,2.2,4.714285714285714
36005019400,5.0,3.4285714285714284
36005019500,4.8,5.0
36005019700,13.2,9.142857142857142
36005019900,11.2,14.857142857142858
36005020000,14.4,13.285714285714286
36005020100,4.2,10.0
36005020200,1.0,3.5714285714285716
36005020400,2.4,4.571428571428571
36005020501,6.8,9.0
36005020502,1.2,0.8571428571428571
36005020601,2.6,5.428571428571429
36005020900,9.2,5.857142857142857
36005021001,1.2,3.2857142857142856
36005021002,1.0,3.0
36005021100,2.0,5.285714285714286
36005021200,0.8,1.1428571428571428
36005021301,1.0,2.0
36005021302,1.6,6.142857142857143
36005021501,2.8,6.571428571428571
36005021502,4.6,5.571428571428571
36005021601,5.0,6.428571428571429
36005021602,2.8,2.5714285714285716
36005021700,7.8,10.285714285714286
36005021800,7.6,7.857142857142857
36005021900,2.6,5.142857142857143
36005022000,3.0,3.5714285714285716
36005022101,5.6,2.857142857142857
36005022102,7.2,9.0
36005022200,4.4,5.857142857142857
36005022300,1.8,2.0
36005022401,3.4,5.428571428571429
36005022403,3.2,2.5714285714285716
36005022404,2.4,3.857142857142857
36005022500,12.0,12.0
36005022701,12.0,16.285714285714285
36005022702,1.4,1.5714285714285714
36005022703,2.0,0.8571428571428571
36005022800,3.4,4.571428571428571
36005022901,4.4,8.428571428571429
36005022902,0.4,1.7142857142857142
36005023000,6.0,8.142857142857142
36005023100,4.4,3.7142857142857144
36005023200,3.2,3.0
36005023301,5.6,9.428571428571429
36005023302,1.0,4.0
36005023501,3.0,3.857142857142857
36005023502,3.0,6.857142857142857
36005023600,12.4,9.428571428571429
36005023702,4.6,3.857142857142857
36005023703,4.2,6.285714285714286
36005023704,2.8,2.7142857142857144
36005023800,4.4,4.285714285714286
36005023900,8.0,8.714285714285714
36005024000,9.2,7.142857142857143
36005024100,3.6,5.714285714285714
36005024300,1.8,5.285714285714286
36005024400,3.2,3.142857142857143
36005024501,0.8,4.0
36005024502,6.6,6.714285714285714
36005024600,6.0,5.571428571428571
36005024700,1.8,2.5714285714285716
36005024800,11.4,10.285714285714286
36005024900,0.2,0.3333333333333333
36005025000,2.8,5.428571428571429
36005025100,10.6,13.0
36005025200,10.2,12.285714285714286
36005025300,2.8,3.7142857142857144
36005025400,4.4,6.857142857142857
36005025500,4.2,6.857142857142857
36005025600,6.2,5.571428571428571
36005025700,2.6,4.714285714285714
36005026100,0.6,0.14285714285714285
36005026300,4.2,7.0
36005026400,12.8,8.714285714285714
36005026500,11.2,7.857142857142857
36005026601,10.8,13.142857142857142
36005026602,9.4,11.0
36005026701,5.8,6.285714285714286
36005026702,36.0,44.0
36005026900,7.4,8.142857142857142
36005027300,15.2,15.142857142857142
36005027401,15.6,14.142857142857142
36005027402,21.8,16.0
36005027600,1.0,1.5
36005027700,8.2,11.571428571428571
36005027900,27.0,29.571428571428573
36005028100,3.8,3.857142857142857
36005028300,3.6,8.285714285714286
36005028400,0.8,0.8571428571428571
36005028500,11.6,13.571428571428571
36005028600,9.4,12.428571428571429
36005028700,5.2,5.571428571428571
36005028800,4.2,3.2857142857142856
36005028900,11.6,10.857142857142858
36005029301,1.0,2.4285714285714284
36005029302,6.4,5.857142857142857
36005029500,7.6,13.0
36005029600,16.0,13.857142857142858
36005029700,2.2,3.4285714285714284
36005030000,28.6,31.857142857142858
36005030100,0.4,0.16666666666666666
36005030201,4.2,3.857142857142857
36005030202,0.3333333333333333,0.4
36005030701,3.8,6.428571428571429
36005030900,4.2,6.142857142857143
36005031000,4.6,5.428571428571429
36005031200,1.2,1.5714285714285714
36005031400,1.0,0.8571428571428571
36005031600,1.6,2.142857142857143
36005031800,2.2,4.142857142857143
36005031900,0.0,0.3333333333333333
36005032300,12.8,13.571428571428571
36005032400,1.2,0.7142857142857143
36005032600,3.4,2.857142857142857
36005032800,1.8,2.5714285714285716
36005033000,3.4,4.142857142857143
36005033201,6.2,5.857142857142857
36005033202,0.6,2.5714285714285716
36005033400,1.8,1.4285714285714286
36005033500,7.4,6.571428571428571
36005033601,1.0,2.857142857142857
36005033602,1.6,2.142857142857143
36005033700,2.8,3.857142857142857
36005033801,1.2,1.2857142857142858
36005033802,0.0,1.4285714285714286
36005034000,6.6,4.142857142857143
36005034200,3.8,3.0
36005034300,1.8,4.285714285714286
36005034400,2.2,2.0
36005034500,11.6,12.428571428571429
36005034800,4.6,3.4285714285714284
36005035000,3.0,2.5714285714285716
36005035100,5.6,10.714285714285714
36005035600,10.4,5.857142857142857
36005035800,20.0,17.142857142857142
36005035900,13.4,7.857142857142857
36005036000,5.0,3.4285714285714284
36005036100,5.8,7.571428571428571
36005036300,4.4,4.285714285714286
36005036400,4.0,5.571428571428571
36005036501,1.6,3.0
36005036502,1.4,1.0
36005036700,2.4,2.4285714285714284
36005036800,1.4,1.8571428571428572
36005036901,2.0,3.4285714285714284
36005036902,2.6,1.2857142857142858
36005037000,2.6,4.714285714285714
36005037100,2.8,1.8571428571428572
36005037200,1.0,2.0
36005037300,6.0,7.714285714285714
36005037400,4.6,3.142857142857143
36005037504,2.2,5.285714285714286
36005037600,2.6,2.142857142857143
36005037800,4.2,4.285714285714286
36005037900,2.6,3.0
36005038000,3.6,5.571428571428571
36005038100,5.2,9.571428571428571
36005038200,2.8,5.571428571428571
36005038301,8.2,6.857142857142857
36005038303,1.0,1.2857142857142858
36005038304,0.8,1.2857142857142858
36005038500,5.2,5.428571428571429
36005038600,8.2,9.142857142857142
36005038700,2.4,4.142857142857143
36005038800,1.4,3.2857142857142856
36005038900,1.6,3.7142857142857144
36005039000,5.0,5.571428571428571
36005039100,2.6,4.571428571428571
36005039200,0.4,1.4285714285714286
36005039300,3.0,3.2857142857142856
36005039400,1.6,4.857142857142857
36005039500,8.0,12.714285714285714
36005039600,6.4,13.571428571428571
36005039700,1.2,2.2857142857142856
36005039800,2.6,2.142857142857143
36005039901,2.0,1.8571428571428572
36005039902,2.2,4.428571428571429
36005040100,3.8,9.285714285714286
36005040302,1.0,1.5714285714285714
36005040303,3.2,4.0
36005040304,4.8,3.5714285714285716
36005040400,6.8,7.571428571428571
36005040501,3.4,3.857142857142857
36005040502,34.8,30.285714285714285
36005040600,0.8,3.2857142857142856
36005040701,2.2,1.8571428571428572
36005040702,10.8,11.857142857142858
36005040800,1.6,3.4285714285714284
36005040900,11.0,12.0
36005041100,1.0,4.571428571428571
36005041300,7.8,10.0
36005041400,13.8,19.285714285714285
36005041500,2.4,2.857142857142857
36005041800,5.2,7.428571428571429
36005041900,4.2,7.857142857142857
36005042000,7.0,5.714285714285714
36005042100,2.8,2.4285714285714284
36005042200,6.2,9.142857142857142
36005042300,10.6,12.142857142857142
36005042400,2.6,2.0
36005042500,8.0,11.857142857142858
36005042600,10.0,8.285714285714286
36005042800,1.6,3.2857142857142856
36005042901,7.4,12.285714285714286
36005042902,5.8,12.142857142857142
36005043000,4.2,5.142857142857143
36005043101,5.6,3.857142857142857
36005043102,4.6,6.0
36005043400,14.8,15.285714285714286
36005043501,0.2,0.42857142857142855
36005043502,0.8,1.0
36005043503,5.0,5.857142857142857
36005043600,12.2,12.142857142857142
36005044200,3.6,7.428571428571429
36005044400,6.0,6.0
36005044800,2.4,3.0
36005044901,7.8,14.571428571428571
36005044902,11.6,11.857142857142858
36005045101,4.0,9.285714285714286
36005045102,8.8,9.857142857142858
36005045600,4.4,5.285714285714286
36005045800,0.2,1.4285714285714286
36005046000,2.8,4.285714285714286
36005046203,4.4,3.7142857142857144
36005046204,0.5,1.2
36005046205,1.4,2.142857142857143
36005046206,0.3333333333333333,0.5
36005046207,0.8,1.8571428571428572
36005046208,7.4,8.857142857142858
36005046209,6.8,13.142857142857142
36005048401,18.8,18.714285714285715
36005048402,0.0,0.7142857142857143
36005050400,0.6,0.42857142857142855
36005051601,41.4,26.0
36047000100,38.6,32.857142857142854
36047000200,8.6,7.571428571428571
36047000301,3.0,2.142857142857143
36047000501,2.2,1.4285714285714286
36047000502,3.8,7.142857142857143
36047000700,2.2,4.714285714285714
36047000900,10.2,7.714285714285714
36047001100,12.8,16.714285714285715
36047001300,40.4,34.57142857142857
36047001501,46.6,49.42857142857143
36047001502,23.6,26.0
36047001801,3.2,2.7142857142857144
36047001802,2.0,2.2857142857142856
36047001803,3.0,3.5714285714285716
36047001804,0.5,1.0
36047002000,4.4,4.285714285714286
36047002100,143.8,127.28571428571429
36047002200,18.4,19.142857142857142
36047002300,1.6,5.0
36047002901,44.6,56.714285714285715
36047003000,4.8,7.571428571428571
36047003101,7.6,11.142857142857142
36047003102,4.0,5.285714285714286
36047003300,6.8,7.857142857142857
36047003400,13.6,18.571428571428573
36047003500,3.8,6.714285714285714
36047003600,6.6,8.714285714285714
36047003700,23.6,25.857142857142858
36047003800,9.2,5.428571428571429
36047003900,19.8,26.857142857142858
36047004100,22.4,26.857142857142858
36047004300,9.6,13.285714285714286
36047004400,5.6,6.571428571428571
36047004500,2.2,3.857142857142857
36047004600,1.6,2.7142857142857144
36047004700,4.4,5.857142857142857
36047004900,1.0,1.2857142857142858
36047005000,3.6,2.0
36047005100,3.6,4.428571428571429
36047005201,0.4,1.5714285714285714
36047005202,2.6,8.142857142857142
36047005301,4.8,5.285714285714286
36047005302,1.2,1.0
36047005303,0.5,1.1428571428571428
36047005400,7.2,8.0
36047005601,3.4,3.142857142857143
36047005602,2.8,7.857142857142857
36047005800,7.8,5.857142857142857
36047005900,7.0,10.571428571428571
36047006000,9.4,9.571428571428571
36047006200,3.2,5.714285714285714
36047006300,94.4,94.57142857142857
36047006400,5.2,2.2857142857142856
36047006500,4.2,7.142857142857143
36047006600,6.4,9.571428571428571
36047006700,1.0,3.0
36047006800,10.0,12.428571428571429
36047006901,2.2,2.4285714285714284
36047006902,4.6,4.0
36047007000,6.0,11.857142857142858
36047007100,5.4,11.285714285714286
36047007200,3.8,3.0
36047007400,8.6,10.285714285714286
36047007500,5.8,9.285714285714286
36047007600,2.4,2.5714285714285716
36047007700,12.2,16.0
36047007800,8.4,8.714285714285714
36047008000,4.6,3.7142857142857144
36047008200,6.8,7.428571428571429
36047008400,4.4,3.5714285714285716
36047008500,4.4,3.2857142857142856
36047008600,0.0,0.2857142857142857
36047008800,3.8,6.142857142857143
36047009001,0.4,0.8571428571428571
36047009002,1.6,1.5714285714285714
36047009201,2.4,1.5714285714285714
36047009202,0.8,1.4285714285714286
36047009401,3.8,2.4285714285714284
36047009402,5.0,4.428571428571429
36047009600,6.0,9.571428571428571
36047009800,4.4,6.571428571428571
36047010000,3.6,3.2857142857142856
36047010100,22.0,25.714285714285715
36047010200,5.4,7.428571428571429
36047010401,1.8,3.142857142857143
36047010402,1.2,1.8571428571428572
36047010601,5.0,3.4285714285714284
36047010602,0.6,1.7142857142857142
36047010801,0.8,0.8571428571428571
36047010802,1.0,2.4285714285714284
36047011000,8.8,11.571428571428571
36047011200,10.2,9.142857142857142
36047011400,1.4,2.7142857142857144
36047011600,1.2,3.0
36047011700,3.0,8.285714285714286
36047011800,2.4,1.7142857142857142
36047011901,23.8,16.714285714285715
36047011902,2.2,1.8571428571428572
36047012000,0.8,1.8571428571428572
36047012100,18.2,15.714285714285714
36047012200,8.4,12.142857142857142
36047012600,3.8,4.285714285714286
36047012700,7.2,6.0
36047012801,6.8,5.571428571428571
36047012901,4.4,4.428571428571429
36047012902,18.8,34.0
36047013000,12.8,12.285714285714286
36047013100,1.2,6.285714285714286
36047013200,6.4,6.142857142857143
36047013300,2.6,3.2857142857142856
36047013400,7.8,7.428571428571429
36047013500,5.8,5.428571428571429
36047013600,13.4,10.857142857142858
36047013700,7.0,2.0
36047013800,10.2,7.428571428571429
36047013900,3.8,3.857142857142857
36047014000,4.0,7.571428571428571
36047014101,2.4,2.7142857142857144
36047014102,1.8,5.428571428571429
36047014200,9.0,12.0
36047014300,5.2,5.857142857142857
36047014500,5.2,7.0
36047014700,2.8,4.571428571428571
36047014800,1.6,1.2857142857142858
36047014901,0.4,1.5714285714285714
36047014902,2.2,3.0
36047015000,3.0,3.7142857142857144
36047015100,1.8,3.142857142857143
36047015200,4.8,6.571428571428571
36047015300,3.8,5.285714285714286
36047015400,0.6,1.1428571428571428
36047015500,1.4,1.8571428571428572
36047015700,1.6,2.2857142857142856
36047015900,1.8,3.857142857142857
36047016000,10.0,8.714285714285714
36047016100,13.0,34.142857142857146
36047016200,6.0,4.285714285714286
36047016300,39.0,51.42857142857143
36047016400,0.25,0.0
36047016500,4.0,4.285714285714286
36047016600,2.0,3.7142857142857144
36047016700,3.6,8.285714285714286
36047016800,2.4,2.857142857142857
36047016900,4.4,5.285714285714286
36047017000,5.2,6.285714285714286
36047017100,2.0,1.4285714285714286
36047017200,8.0,8.714285714285714
36047017400,2.2,2.857142857142857
36047017500,0.25,0.42857142857142855
36047017600,9.6,8.428571428571429
36047017700,4.2,1.7142857142857142
36047017800,4.4,5.142857142857143
36047017900,7.0,9.571428571428571
36047018000,7.0,6.0
36047018100,5.4,5.714285714285714
36047018200,13.2,6.428571428571429
36047018300,5.4,5.285714285714286
36047018400,8.6,12.142857142857142
36047018501,17.6,14.428571428571429
36047018600,4.4,4.571428571428571
36047018700,0.6,2.0
36047018800,5.0,5.142857142857143
36047019000,7.0,5.857142857142857
36047019100,6.0,5.714285714285714
36047019200,3.4,2.0
36047019300,125.8,109.85714285714286
36047019400,7.4,5.714285714285714
36047019500,1.8,1.4285714285714286
36047019600,7.0,5.857142857142857
36047019700,1.8,3.0
36047019800,1.6,11.285714285714286
36047019900,5.6,8.571428571428571
36047020000,6.4,8.0
36047020100,3.2,3.2857142857142856
36047020200,4.0,5.428571428571429
36047020300,7.4,7.285714285714286
36047020400,3.0,3.0
36047020500,4.4,10.0
36047020600,8.8,6.714285714285714
36047020700,8.0,9.714285714285714
36047020800,13.4,12.857142857142858
36047021000,11.2,14.285714285714286
36047021100,14.8,17.857142857142858
36047021200,6.4,4.285714285714286
36047021300,8.8,6.571428571428571
36047021400,1.2,3.5714285714285716
36047021500,16.6,10.714285714285714
36047021600,1.2,2.4285714285714284
36047021700,3.0,2.2857142857142856
36047021800,3.2,4.571428571428571
36047021900,4.0,5.714285714285714
36047022000,3.2,6.571428571428571
36047022100,2.4,5.714285714285714
36047022200,4.2,4.285714285714286
36047022400,6.4,7.285714285714286
36047022600,1.8,2.5714285714285716
36047022700,5.4,8.285714285714286
36047022800,3.2,3.142857142857143
36047022900,1.8,3.7142857142857144
36047023000,2.4,3.142857142857143
36047023100,7.8,6.142857142857143
36047023200,1.0,2.0
36047023300,2.4,4.571428571428571
36047023400,0.4,0.8571428571428571
36047023500,2.6,5.0
36047023600,2.4,5.142857142857143
36047023800,3.0,4.571428571428571
36047024000,0.8,1.5714285714285714
36047024100,3.6,6.714285714285714
36047024200,6.2,5.285714285714286
36047024300,2.6,3.4285714285714284
36047024400,0.6,3.7142857142857144
36047024500,7.8,7.428571428571429
36047024600,4.0,4.285714285714286
36047024700,1.4,3.0
36047024800,7.8,8.428571428571429
36047024900,1.4,3.4285714285714284
36047025000,5.8,6.285714285714286
36047025100,4.0,2.857142857142857
36047025200,22.2,18.857142857142858
36047025300,2.6,4.0
36047025400,4.0,4.571428571428571
36047025500,0.0,0.42857142857142855
36047025600,3.6,1.8571428571428572
36047025700,1.8,4.428571428571429
36047025800,11.4,16.714285714285715
36047025901,2.2,2.2857142857142856
36047025902,1.2,1.1428571428571428
36047026000,5.4,4.714285714285714
36047026100,5.2,5.857142857142857
36047026200,4.6,5.0
36047026300,1.8,2.2857142857142856
36047026400,10.4,11.857142857142858
36047026500,3.4,3.7142857142857144
36047026600,3.8,4.428571428571429
36047026700,4.0,3.5714285714285716
36047026800,10.0,10.142857142857142
36047026900,3.2,3.5714285714285716
36047027000,2.0,1.5714285714285714
36047027100,2.0,6.0
36047027200,6.8,4.714285714285714
36047027300,1.6,2.142857142857143
36047027400,5.4,5.142857142857143
36047027500,2.6,2.7142857142857144
36047027600,11.8,9.571428571428571
36047027700,1.8,2.4285714285714284
36047027800,7.4,3.7142857142857144
36047027900,3.8,4.428571428571429
36047028000,5.6,5.571428571428571
36047028100,4.0,3.857142857142857
36047028200,31.2,16.857142857142858
36047028300,1.8,2.0
36047028400,13.8,11.428571428571429
36047028501,3.4,2.5
36047028502,0.2,0.8571428571428571
36047028600,12.6,13.142857142857142
36047028700,2.8,2.4285714285714284
36047028800,9.6,11.285714285714286
36047028900,3.6,4.0
36047029000,3.4,2.7142857142857144
36047029100,10.6,5.428571428571429
36047029200,6.8,9.714285714285714
36047029300,1.4,2.857142857142857
36047029400,3.0,5.285714285714286
36047029500,3.2,4.285714285714286
36047029600,5.2,5.0
36047029700,4.2,5.0
36047029800,9.0,10.142857142857142
36047029900,1.4,1.1428571428571428
36047030000,5.6,7.571428571428571
36047030100,2.0,2.142857142857143
36047030200,10.8,16.428571428571427
36047030300,3.4,3.4285714285714284
36047030400,16.0,15.0
36047030500,21.6,23.0
36047030600,3.4,2.2857142857142856
36047030700,5.8,4.428571428571429
36047030800,3.2,4.285714285714286
36047030900,2.4,2.4285714285714284
36047031100,3.4,3.0
36047031300,4.2,7.0
36047031401,7.0,9.0
36047031402,0.6,0.14285714285714285
36047031500,2.8,5.0
36047031701,2.2,3.7142857142857144
36047031702,0.8,2.0
36047031900,2.8,7.0
36047032100,5.2,7.857142857142857
36047032300,9.4,9.285714285714286
36047032500,3.0,5.0
36047032600,16.2,11.714285714285714
36047032700,5.4,4.571428571428571
36047032800,3.0,2.0
36047032900,7.4,7.571428571428571
36047033000,1.6,2.0
36047033100,1.4,1.7142857142857142
36047033300,3.4,2.2857142857142856
36047033500,2.2,2.5714285714285716
36047033600,4.0,3.5714285714285716
36047033701,6.0,2.857142857142857
36047033702,3.6,1.5714285714285714
36047033900,8.8,10.285714285714286
36047034000,1.4,2.142857142857143
36047034100,8.4,4.857142857142857
36047034200,4.0,3.857142857142857
36047034300,3.0,2.142857142857143
36047034500,2.0,3.0
36047034700,2.6,4.285714285714286
36047034800,20.0,19.714285714285715
36047034901,1.0,0.5714285714285714
36047034902,0.4,1.7142857142857142
36047035000,2.2,0.8571428571428571
36047035101,3.2,4.142857142857143
36047035102,3.4,1.5714285714285714
36047035200,4.4,4.285714285714286
36047035301,2.0,3.5714285714285716
36047035302,1.0,1.8571428571428572
36047035400,11.6,10.714285714285714
36047035500,1.8,3.7142857142857144
36047035601,2.8,0.6666666666666666
36047035602,4.2,4.571428571428571
36047035701,2.0,3.4285714285714284
36047035702,0.0,0.0
36047035900,7.2,8.428571428571429
36047036001,6.6,3.2857142857142856
36047036002,0.8,1.1428571428571428
36047036100,4.2,2.0
36047036200,1.6,3.857142857142857
36047036300,3.4,6.0
36047036400,3.4,7.571428571428571
36047036501,1.8,3.857142857142857
36047036502,1.0,2.2857142857142856
36047036600,6.4,8.142857142857142
36047036700,4.2,2.857142857142857
36047036900,3.8,5.714285714285714
36047037000,7.0,7.571428571428571
36047037100,4.0,4.142857142857143
36047037300,3.4,4.714285714285714
36047037401,3.2,4.571428571428571
36047037402,6.6,9.571428571428571
36047037500,2.4,5.571428571428571
36047037700,2.0,3.2857142857142856
36047037900,4.6,7.0
36047038100,3.0,2.857142857142857
36047038200,6.4,6.285714285714286
36047038300,7.8,4.142857142857143
36047038500,3.4,6.285714285714286
36047038600,8.2,8.428571428571429
36047038700,6.4,9.428571428571429
36047038800,1.4,1.8571428571428572
36047038900,1.4,3.2857142857142856
36047039000,0.8,1.1428571428571428
36047039100,4.0,1.8571428571428572
36047039200,1.0,2.5714285714285716
36047039300,3.6,4.142857142857143
36047039400,1.8,1.7142857142857142
36047039500,2.8,4.857142857142857
36047039600,1.0,1.1428571428571428
36047039700,2.6,2.4285714285714284
36047039800,5.6,4.714285714285714
36047039900,2.4,1.7142857142857142
36047040000,1.0,2.0
36047040100,5.4,4.571428571428571
36047040200,2.4,2.2857142857142856
36047040300,8.4,5.0
36047040400,18.2,21.428571428571427
36047040500,6.2,6.142857142857143
36047040600,2.6,4.0
36047040700,0.3333333333333333,0.0
36047040800,6.6,9.428571428571429
36047040900,11.2,14.285714285714286
36047041000,1.4,3.4285714285714284
36047041100,8.6,5.571428571428571
36047041200,5.6,6.857142857142857
36047041300,6.4,10.428571428571429
36047041401,0.2,0.2857142857142857
36047041402,0.0,0.3333333333333333
36047041500,3.8,3.857142857142857
36047041600,1.4,1.0
36047041700,1.6,2.142857142857143
36047041800,0.4,0.7142857142857143
36047041900,2.4,4.714285714285714
36047042000,1.0,2.142857142857143
36047042100,6.0,5.714285714285714
36047042200,0.2,2.2857142857142856
36047042300,4.0,2.5714285714285716
36047042400,12.4,9.0
36047042500,4.0,3.857142857142857
36047042600,9.2,5.428571428571429
36047042700,3.8,7.714285714285714
36047042800,9.2,13.0
36047042900,5.0,6.285714285714286
36047043000,10.4,11.714285714285714
36047043100,4.4,8.714285714285714
36047043200,10.2,10.857142857142858
36047043300,1.8,4.142857142857143
36047043400,9.4,6.857142857142857
36047043500,6.2,7.0
36047043600,4.4,4.714285714285714
36047043700,5.0,6.571428571428571
36047043800,3.0,3.2857142857142856
36047043900,17.8,14.142857142857142
36047044000,3.8,6.285714285714286
36047044100,7.0,8.428571428571429
36047044200,2.2,1.4285714285714286
36047044300,4.8,4.571428571428571
36047044400,2.6,2.5714285714285716
36047044500,3.6,6.0
36047044600,8.0,9.285714285714286
36047044700,7.8,6.142857142857143
36047044800,1.4,2.0
36047044901,5.0,6.142857142857143
36047044902,5.6,15.142857142857142
36047045000,6.2,3.5714285714285716
36047045200,0.4,1.4285714285714286
36047045300,5.4,6.857142857142857
36047045400,1.4,2.857142857142857
36047045600,0.2,1.0
36047045800,2.6,0.7142857142857143
36047046000,10.8,8.714285714285714
36047046201,3.6,4.0
36047046202,1.4,1.0
36047046400,1.0,1.0
36047046800,3.0,4.0
36047047000,1.4,0.7142857142857143
36047047200,1.2,3.4285714285714284
36047047400,0.8,1.5714285714285714
36047047600,2.8,3.5714285714285716
36047047700,7.0,5.285714285714286
36047047800,3.8,3.4285714285714284
36047048000,3.0,6.857142857142857
36047048100,3.4,7.285714285714286
36047048200,20.8,18.142857142857142
36047048400,4.6,5.714285714285714
36047048500,7.6,13.857142857142858
36047048600,7.8,7.0
36047048800,5.0,5.571428571428571
36047048900,1.6,1.0
36047049000,11.4,10.857142857142858
36047049100,6.2,12.142857142857142
36047049200,32.2,33.857142857142854
36047049301,0.4,0.3333333333333333
36047049302,1.4,5.857142857142857
36047049400,2.8,6.142857142857143
36047049500,2.8,3.4285714285714284
36047049600,8.6,7.428571428571429
36047049700,9.4,8.142857142857142
36047049800,7.0,10.428571428571429
36047049900,2.2,3.2857142857142856
36047050001,5.8,4.0
36047050002,1.8,3.2857142857142856
36047050100,4.8,4.428571428571429
36047050202,3.0,2.4285714285714284
36047050300,1.8,4.142857142857143
36047050401,6.8,5.714285714285714
36047050402,1.2,2.0
36047050500,2.4,3.2857142857142856
36047050600,6.8,4.857142857142857
36047050700,4.0,3.7142857142857144
36047050801,2.8,2.142857142857143
36047050803,5.8,4.285714285714286
36047050804,7.8,10.857142857142858
36047050900,1.2,1.2857142857142858
36047051001,0.8,2.7142857142857144
36047051002,2.0,3.142857142857143
36047051100,3.2,4.142857142857143
36047051200,5.2,11.0
36047051300,16.6,15.571428571428571
36047051400,8.2,8.857142857142858
36047051500,3.8,2.4285714285714284
36047051601,5.2,8.285714285714286
36047051602,1.6,1.1428571428571428
36047051700,5.8,7.285714285714286
36047051800,1.6,5.142857142857143
36047051900,12.4,13.857142857142858
36047052000,5.6,7.285714285714286
36047052300,6.0,6.428571428571429
36047052500,3.2,3.7142857142857144
36047052600,7.2,7.571428571428571
36047052700,4.4,6.285714285714286
36047052800,3.8,6.571428571428571
36047052900,1.4,0.7142857142857143
36047053000,2.2,5.857142857142857
36047053101,0.0,0.16666666666666666
36047053102,0.75,0.8
36047053200,2.8,2.0
36047053300,0.6,2.1666666666666665
36047053400,2.2,1.1428571428571428
36047053500,1.6,7.0
36047053700,0.6,1.2857142857142858
36047053800,10.4,9.0
36047053900,0.8,0.16666666666666666
36047054200,2.2,4.857142857142857
36047054300,1.2,0.8571428571428571
36047054400,4.4,2.7142857142857144
36047054500,1.0,2.2857142857142856
36047054600,2.6,6.0
36047054700,3.4,3.4285714285714284
36047054800,1.8,3.7142857142857144
36047054900,11.2,8.0
36047055000,3.4,4.857142857142857
36047055100,15.0,17.714285714285715
36047055200,5.4,4.857142857142857
36047055300,10.4,10.0
36047055400,3.6,3.0
36047055500,12.0,9.285714285714286
36047055600,1.6,2.2857142857142856
36047055700,8.4,9.714285714285714
36047055800,3.0,4.285714285714286
36047056000,6.6,5.571428571428571
36047056100,111.8,123.71428571428571
36047056200,2.8,2.4285714285714284
36047056301,9.0,6.142857142857143
36047056302,11.0,8.142857142857142
36047056400,1.8,2.4285714285714284
36047056500,9.0,7.571428571428571
36047056600,2.0,2.2857142857142856
36047056800,1.8,1.4285714285714286
36047056900,3.8,4.0
36047057000,6.8,4.0
36047057100,3.2,3.5714285714285716
36047057200,1.6,2.0
36047057300,7.8,7.285714285714286
36047057400,4.2,5.285714285714286
36047057500,7.2,10.142857142857142
36047057600,3.4,2.7142857142857144
36047057800,4.4,5.0
36047057901,13.4,14.857142857142858
36047057902,1.0,0.2857142857142857
36047058000,2.2,1.4285714285714286
36047058200,0.8,2.5714285714285716
36047058400,4.8,4.285714285714286
36047058600,3.2,4.142857142857143
36047058800,5.8,9.714285714285714
36047058901,2.4,5.285714285714286
36047058902,0.0,0.2
36047059000,2.6,2.857142857142857
36047059100,5.4,6.571428571428571
36047059200,6.6,5.714285714285714
36047059300,4.8,9.142857142857142
36047059402,26.8,27.571428571428573
36047059403,4.8,7.714285714285714
36047059404,8.0,6.857142857142857
36047059600,5.8,3.7142857142857144
36047059800,9.4,10.857142857142858
36047060000,24.0,19.571428571428573
36047060600,4.4,4.714285714285714
36047060800,28.6,20.428571428571427
36047061002,5.4,3.7142857142857144
36047061003,45.2,25.857142857142858
36047061004,10.2,9.714285714285714
36047061200,6.6,4.428571428571429
36047061600,10.8,6.0
36047062000,6.8,4.0
36047062200,13.4,14.714285714285714
36047062600,2.6,4.142857142857143
36047062800,13.4,13.428571428571429
36047063200,2.6,1.4285714285714286
36047063600,3.2,3.4285714285714284
36047063800,2.0,2.857142857142857
36047064000,2.0,1.1428571428571428
36047064200,1.0,3.7142857142857144
36047064400,2.0,2.857142857142857
36047064600,5.8,8.857142857142858
36047064800,2.0,4.714285714285714
36047065000,2.2,1.7142857142857142
36047065200,3.4,3.0
36047065400,1.6,1.4285714285714286
36047065600,3.4,3.7142857142857144
36047065800,4.6,5.285714285714286
36047066000,1.2,2.2857142857142856
36047066200,6.6,6.714285714285714
36047066600,5.6,4.0
36047067000,3.8,2.142857142857143
36047067200,1.2,1.8571428571428572
36047067400,3.8,4.285714285714286
36047067600,7.4,4.857142857142857
36047067800,3.8,4.857142857142857
36047068000,4.6,5.857142857142857
36047068200,5.2,4.714285714285714
36047068600,5.8,4.714285714285714
36047068800,0.6,2.0
36047069000,8.2,3.7142857142857144
36047069200,6.0,3.857142857142857
36047069601,11.2,5.428571428571429
36047069602,9.8,8.428571428571429
36047069800,2.0,3.857142857142857
36047070000,2.2,1.4285714285714286
36047070201,11.6,10.0
36047070202,0.0,0.4
36047070601,1.2,2.7142857142857144
36047070602,0.0,0.0
36047072000,2.2,4.428571428571429
36047072200,5.8,5.571428571428571
36047072400,2.8,4.857142857142857
36047072600,3.4,5.428571428571429
36047072800,5.0,3.4285714285714284
36047073000,2.6,3.857142857142857
36047073200,2.4,1.0
36047073400,4.0,2.4285714285714284
36047073600,2.4,2.857142857142857
36047073800,3.0,2.4285714285714284
36047074000,1.4,5.142857142857143
36047074200,1.6,4.142857142857143
36047074400,2.2,2.4285714285714284
36047074600,2.2,2.2857142857142856
36047074800,1.8,2.142857142857143
36047075000,2.0,2.4285714285714284
36047075200,1.2,1.5714285714285714
36047075400,2.2,1.2857142857142858
36047075600,2.6,2.5714285714285716
36047075800,3.4,4.285714285714286
36047076000,0.6,1.0
36047076200,2.2,1.2857142857142858
36047076400,3.6,3.142857142857143
36047076600,1.2,2.2857142857142856
36047076800,2.8,3.5714285714285716
36047077000,7.8,8.142857142857142
36047077200,6.0,5.285714285714286
36047077400,4.8,3.7142857142857144
36047077600,9.2,8.714285714285714
36047078000,1.6,3.0
36047078200,2.6,3.4285714285714284
36047078400,2.4,2.0
36047078601,6.2,4.142857142857143
36047078602,0.8,2.142857142857143
36047078801,3.0,1.8571428571428572
36047078802,0.4,0.14285714285714285
36047079001,3.0,5.0
36047079002,2.0,4.0
36047079201,3.8,3.142857142857143
36047079202,2.4,2.7142857142857144
36047079400,4.0,6.428571428571429
36047079601,2.2,3.5714285714285716
36047079602,8.0,6.0
36047079801,5.0,5.142857142857143
36047079802,5.8,5.571428571428571
36047080000,1.0,2.7142857142857144
36047080200,3.8,7.428571428571429
36047080400,3.4,5.857142857142857
36047080600,4.4,4.142857142857143
36047080800,0.8,1.4285714285714286
36047081000,5.8,7.714285714285714
36047081400,2.0,1.2857142857142858
36047081600,3.0,3.142857142857143
36047081800,5.2,6.0
36047082000,3.8,5.285714285714286
36047082200,8.6,16.571428571428573
36047082400,9.2,7.142857142857143
36047082600,3.4,7.285714285714286
36047082800,5.6,6.142857142857143
36047083000,5.4,5.0
36047083200,3.6,3.4285714285714284
36047083400,1.0,1.1428571428571428
36047083600,0.6,1.7142857142857142
36047083800,1.4,1.2857142857142858
36047084000,0.4,1.4285714285714286
36047084600,3.4,2.7142857142857144
36047084800,1.4,1.1428571428571428
36047085000,1.0,2.0
36047085200,0.0,0.0
36047085400,1.2,2.2857142857142856
36047085600,1.8,1.8571428571428572
36047085800,1.2,2.0
36047086000,3.6,2.7142857142857144
36047086200,1.0,2.0
36047086400,2.0,2.857142857142857
36047086600,7.2,4.0
36047086800,4.8,2.142857142857143
36047087000,2.6,2.857142857142857
36047087200,1.8,1.4285714285714286
36047087401,7.8,10.285714285714286
36047087600,1.8,4.571428571428571
36047087800,1.8,2.142857142857143
36047088001,1.0,1.0
36047088002,1.2,1.5714285714285714
36047088200,5.4,6.285714285714286
36047088400,1.8,2.0
36047088600,1.4,1.8571428571428572
36047088800,3.4,1.7142857142857142
36047089000,3.4,3.5714285714285716
36047089200,2.8,4.571428571428571
36047089400,1.2,2.142857142857143
36047089600,1.2,1.8571428571428572
36047089800,1.2,3.5714285714285716
36047090000,4.8,4.142857142857143
36047090200,2.0,1.4285714285714286
36047090600,1.4,2.2857142857142856
36047090800,2.0,2.0
36047091000,1.2,3.0
36047091200,2.4,1.5714285714285714
36047091600,5.4,2.5714285714285716
36047091800,3.2,2.142857142857143
36047092000,1.8,1.4285714285714286
36047092200,1.4,1.4285714285714286
36047092400,2.2,4.571428571428571
36047092800,2.6,3.4285714285714284
36047093000,2.0,2.857142857142857
36047093200,1.4,1.8571428571428572
36047093400,4.6,2.2857142857142856
36047093600,1.6,2.142857142857143
36047093800,1.2,1.0
36047094401,3.6,6.285714285714286
36047094402,7.8,8.714285714285714
36047094600,2.8,2.2857142857142856
36047095000,12.6,11.0
36047095400,3.8,4.428571428571429
36047095600,1.6,4.142857142857143
36047095800,4.6,6.428571428571429
36047096000,5.4,3.857142857142857
36047096200,2.2,3.2857142857142856
36047096400,1.4,2.2857142857142856
36047096600,0.8,2.142857142857143
36047096800,1.2,1.4285714285714286
36047097000,3.8,3.2857142857142856
36047097400,5.4,6.142857142857143
36047098200,1.4,0.5714285714285714
36047098400,1.4,1.0
36047098600,1.6,1.0
36047098800,5.6,5.142857142857143
36047099000,0.4,1.1428571428571428
36047099200,0.4,0.8571428571428571
36047099400,1.4,2.1666666666666665
36047099600,2.0,1.8571428571428572
36047099800,1.2,2.0
36047100400,2.0,2.142857142857143
36047100600,2.0,2.7142857142857144
36047100800,2.8,1.8571428571428572
36047101000,2.0,2.7142857142857144
36047101200,3.6,1.7142857142857142
36047101400,1.0,2.142857142857143
36047101600,0.0,0.5714285714285714
36047101800,1.0,1.0
36047102000,4.8,3.4285714285714284
36047102200,4.4,2.0
36047102400,1.0,2.2857142857142856
36047102600,3.4,3.5714285714285716
36047102801,2.2,1.5714285714285714
36047102802,1.8,1.8571428571428572
36047103401,2.6,2.5714285714285716
36047103402,0.0,2.0
36047105801,15.6,9.857142857142858
36047105804,12.0,10.142857142857142
36047107001,11.2,58.57142857142857
36047107002,0.0,0.0
36047107003,0.0,0.0
36047107800,1.4,1.2857142857142858
36047109800,4.8,4.571428571428571
36047110400,8.6,6.857142857142857
36047110600,0.2,0.7142857142857143
36047111000,0.4,0.7142857142857143
36047111600,3.4,4.142857142857143
36047111800,1.0,1.7142857142857142
36047112000,3.2,4.714285714285714
36047112200,6.2,4.857142857142857
36047112400,3.2,5.285714285714286
36047112600,2.4,1.1428571428571428
36047112800,4.2,4.857142857142857
36047113000,4.6,4.571428571428571
36047113200,3.2,1.7142857142857142
36047113400,2.2,1.1428571428571428
36047114201,11.0,7.428571428571429
36047114202,6.8,7.714285714285714
36047114400,1.6,3.2857142857142856
36047114600,18.8,19.857142857142858
36047115000,2.2,1.7142857142857142
36047115200,3.0,6.428571428571429
36047115600,4.0,3.142857142857143
36047115800,3.6,2.142857142857143
36047116000,2.4,2.7142857142857144
36047116200,2.2,1.8571428571428572
36047116400,1.6,1.8571428571428572
36047116600,9.6,11.0
36047116800,5.8,7.285714285714286
36047117000,6.6,2.7142857142857144
36047117201,9.2,12.428571428571429
36047117202,6.8,6.857142857142857
36047117400,3.6,3.142857142857143
36047117601,12.6,14.0
36047117602,11.2,12.0
36047117800,3.6,2.0
36047118000,0.2,0.7142857142857143
36047118201,5.0,5.142857142857143
36047118202,8.6,7.285714285714286
36047118400,6.8,7.571428571428571
36047118600,15.0,13.714285714285714
36047118800,3.4,3.857142857142857
36047119000,2.2,6.285714285714286
36047119200,2.0,3.0
36047119400,3.8,3.2857142857142856
36047119600,10.2,6.714285714285714
36047119800,4.8,7.428571428571429
36047120000,1.4,2.142857142857143
36047120200,2.4,1.7142857142857142
36047120801,5.6,2.4285714285714284
36047120802,1.6,3.142857142857143
36047120803,2.4,1.8571428571428572
36047121000,0.2,0.42857142857142855
36047121400,0.0,0.42857142857142855
36047122000,7.4,8.857142857142858
36047123700,4.4,10.285714285714286
36047150200,4.4,2.4285714285714284
36047152200,6.8,8.857142857142858
36061000201,1.2,1.7142857142857142
36061000202,3.4,2.4285714285714284
36061000500,0.3333333333333333,0.0
36061000600,2.8,4.857142857142857
36061000700,11.0,10.142857142857142
36061000800,5.0,6.857142857142857
36061000900,12.4,11.571428571428571
36061001001,0.8,0.2857142857142857
36061001002,2.6,2.0
36061001200,1.4,1.2857142857142858
36061001300,7.6,13.142857142857142
36061001401,1.0,1.0
36061001402,11.2,7.857142857142857
36061001501,16.8,26.142857142857142
36061001502,7.8,7.142857142857143
36061001600,7.0,10.714285714285714
36061001800,13.4,15.285714285714286
36061002000,1.6,2.7142857142857144
36061002100,8.6,11.571428571428571
36061002201,3.0,2.7142857142857144
36061002202,1.0,1.2857142857142858
36061002400,11.0,9.571428571428571
36061002500,0.6,1.8571428571428572
36061002601,1.2,0.8571428571428571
36061002602,0.6,3.0
36061002700,0.2,0.7142857142857143
36061002800,2.2,2.0
36061002901,6.8,6.0
36061002902,11.2,7.285714285714286
36061003001,22.2,24.285714285714285
36061003002,5.8,6.857142857142857
36061003100,10.2,8.714285714285714
36061003200,7.6,6.142857142857143
36061003300,8.0,10.428571428571429
36061003400,11.4,8.857142857142858
36061003601,8.4,7.857142857142857
36061003602,4.0,2.5714285714285716
36061003700,8.6,12.428571428571429
36061003800,5.8,8.285714285714286
36061003900,2.8,3.5714285714285716
36061004001,4.6,4.571428571428571
36061004002,1.6,0.8571428571428571
36061004100,9.2,8.714285714285714
36061004200,2.6,3.857142857142857
36061004300,8.4,6.571428571428571
36061004400,2.0,3.4285714285714284
36061004500,2.4,2.7142857142857144
36061004700,2.0,3.4285714285714284
36061004800,2.2,3.142857142857143
36061004900,16.4,14.714285714285714
36061005000,3.2,4.571428571428571
36061005200,3.8,3.7142857142857144
36061005400,0.6,1.8571428571428572
36061005501,3.2,2.142857142857143
36061005502,1.6,2.142857142857143
36061005600,4.8,3.2857142857142856
36061005700,2.0,2.142857142857143
36061005800,2.6,3.0
36061005900,1.6,1.8571428571428572
36061006000,0.2,0.7142857142857143
36061006100,6.0,4.142857142857143
36061006200,6.2,3.4285714285714284
36061006300,2.6,3.5714285714285716
36061006400,4.2,3.142857142857143
36061006500,4.2,5.428571428571429
36061006600,3.0,5.285714285714286
36061006700,4.2,7.285714285714286
36061006800,2.6,4.428571428571429
36061006900,2.0,0.8571428571428571
36061007001,2.2,3.0
36061007002,0.8,2.2857142857142856
36061007100,1.8,3.0
36061007200,6.2,4.0
36061007300,2.2,2.857142857142857
36061007400,3.6,6.285714285714286
36061007500,1.6,2.0
36061007600,5.8,5.142857142857143
36061007700,3.6,4.285714285714286
36061007800,4.4,3.142857142857143
36061007900,2.2,2.857142857142857
36061008000,3.2,3.4285714285714284
36061008100,2.0,3.142857142857143
36061008200,2.2,2.142857142857143
36061008300,2.2,3.4285714285714284
36061008400,1.2,2.857142857142857
36061008601,1.2,0.7142857142857143
36061008602,0.0,0.5
36061008603,1.6,1.7142857142857142
36061008700,2.0,2.4285714285714284
36061008800,3.4,4.0
36061008900,0.8,1.1428571428571428
36061009000,1.4,2.857142857142857
36061009100,1.4,1.4285714285714286
36061009200,2.8,2.7142857142857144
36061009300,12.8,13.0
36061009400,5.2,3.4285714285714284
36061009500,1.6,4.714285714285714
36061009600,4.2,4.428571428571429
36061009700,1.0,1.4285714285714286
36061009800,5.0,5.428571428571429
36061009901,3.6,2.2857142857142856
36061009902,5.0,4.428571428571429
36061009903,2.0,6.571428571428571
36061010000,3.6,3.7142857142857144
36061010100,1.6,2.0
36061010200,8.2,6.428571428571429
36061010300,1.2,2.7142857142857144
36061010400,7.0,9.0
36061010601,4.6,5.428571428571429
36061010602,2.8,3.142857142857143
36061010801,1.2,0.42857142857142855
36061010802,0.6,0.7142857142857143
36061010803,1.4,0.5714285714285714
36061010900,2.4,1.7142857142857142
36061011000,3.4,3.857142857142857
36061011100,7.8,5.571428571428571
36061011201,3.2,3.4285714285714284
36061011202,2.0,2.5714285714285716
36061011203,4.0,2.4285714285714284
36061011300,3.0,4.142857142857143
36061011401,3.6,2.857142857142857
36061011402,3.2,2.4285714285714284
36061011500,4.0,4.428571428571429
36061011600,2.6,4.285714285714286
36061011700,3.2,2.5714285714285716
36061011800,12.8,20.285714285714285
36061011900,3.4,3.2857142857142856
36061012000,7.6,10.142857142857142
36061012101,1.0,2.142857142857143
36061012102,3.0,3.142857142857143
36061012200,4.0,3.4285714285714284
36061012400,2.0,3.2857142857142856
36061012500,9.8,6.857142857142857
36061012601,2.6,3.0
36061012602,2.4,2.4285714285714284
36061012700,4.6,8.714285714285714
36061012800,2.4,3.857142857142857
36061012901,6.4,6.428571428571429
36061012902,5.4,8.571428571428571
36061013000,4.6,3.0
36061013100,6.8,8.857142857142858
36061013201,1.0,2.142857142857143
36061013202,2.6,2.0
36061013203,2.0,2.0
36061013300,5.6,6.0
36061013400,5.4,3.5714285714285716
36061013501,3.0,3.2857142857142856
36061013502,4.0,4.0
36061013601,0.2,0.2857142857142857
36061013602,0.6,0.0
36061013603,0.2,0.5714285714285714
36061013604,1.0,2.7142857142857144
36061013700,7.0,10.285714285714286
36061013800,4.2,2.7142857142857144
36061013900,2.2,4.428571428571429
36061014000,4.0,3.857142857142857
36061014200,3.8,4.142857142857143
36061014300,7.6,6.857142857142857
36061014401,0.8,1.0
36061014402,4.0,2.857142857142857
36061014500,4.6,4.428571428571429
36061014601,1.8,1.5714285714285714
36061014602,1.6,0.7142857142857143
36061014700,0.8,0.8571428571428571
36061014801,1.0,1.4285714285714286
36061014802,2.0,2.857142857142857
36061014900,4.8,3.7142857142857144
36061015001,1.4,3.7142857142857144
36061015002,2.4,3.142857142857143
36061015101,0.2,1.5714285714285714
36061015102,6.0,3.857142857142857
36061015200,2.8,4.0
36061015301,3.0,2.5714285714285716
36061015302,4.2,6.571428571428571
36061015401,2.6,2.4285714285714284
36061015402,0.8,3.142857142857143
36061015403,0.4,0.5
36061015501,0.4,1.1428571428571428
36061015502,2.0,2.5714285714285716
36061015601,0.8,1.2857142857142858
36061015602,1.6,2.857142857142857
36061015700,6.4,6.714285714285714
36061015801,1.4,1.8571428571428572
36061015802,1.0,0.7142857142857143
36061015900,8.2,7.0
36061016001,1.8,3.2857142857142856
36061016002,0.2,0.5
36061016100,5.0,6.142857142857143
36061016200,1.6,4.142857142857143
36061016300,4.2,6.571428571428571
36061016400,2.6,5.714285714285714
36061016500,5.4,7.428571428571429
36061016600,3.8,5.142857142857143
36061016700,2.2,2.857142857142857
36061016800,1.2,3.4285714285714284
36061016900,8.0,6.857142857142857
36061017000,2.4,4.857142857142857
36061017100,1.8,3.0
36061017200,5.6,4.0
36061017300,5.0,7.142857142857143
36061017401,3.0,4.142857142857143
36061017402,2.4,2.857142857142857
36061017500,3.2,3.4285714285714284
36061017700,8.4,16.285714285714285
36061017800,8.6,7.142857142857143
36061017900,3.6,7.428571428571429
36061018000,1.4,2.0
36061018100,2.6,4.571428571428571
36061018200,1.6,3.5714285714285716
36061018300,8.2,9.0
36061018400,3.0,4.428571428571429
36061018500,2.6,1.8571428571428572
36061018600,4.8,1.5714285714285714
36061018700,2.0,4.714285714285714
36061018800,2.0,4.857142857142857
36061018900,3.0,7.714285714285714
36061019000,3.8,4.428571428571429
36061019100,5.6,4.285714285714286
36061019200,2.2,0.8571428571428571
36061019300,4.4,5.0
36061019400,3.2,2.5714285714285716
36061019500,2.0,3.7142857142857144
36061019600,2.0,3.857142857142857
36061019701,2.6,1.0
36061019702,3.2,1.7142857142857142
36061019800,4.2,5.0
36061019900,2.4,3.0
36061020000,4.0,6.428571428571429
36061020101,0.0,0.16666666666666666
36061020102,6.2,5.142857142857143
36061020300,0.0,0.6666666666666666
36061020500,1.8,3.0
36061020600,2.2,1.2857142857142858
36061020701,0.4,0.4
36061020800,1.6,3.857142857142857
36061020901,5.0,5.285714285714286
36061021000,2.6,1.8571428571428572
36061021100,17.0,15.285714285714286
36061021200,8.8,7.571428571428571
36061021303,5.6,6.285714285714286
36061021400,0.4,6.857142857142857
36061021500,0.8,2.857142857142857
36061021600,3.2,7.142857142857143
36061021703,0.8,2.4285714285714284
36061021800,12.0,19.0
36061021900,5.8,9.142857142857142
36061022000,3.4,8.0
36061022102,1.4,3.0
36061022200,5.8,9.428571428571429
36061022301,8.6,10.142857142857142
36061022302,10.6,7.285714285714286
36061022400,4.2,3.142857142857143
36061022500,6.4,9.0
36061022600,4.0,6.571428571428571
36061022700,23.4,22.428571428571427
36061022800,4.2,5.0
36061022900,15.0,10.428571428571429
36061023000,5.2,8.857142857142858
36061023100,7.6,8.571428571428571
36061023200,3.0,5.428571428571429
36061023300,6.4,7.714285714285714
36061023400,3.4,5.714285714285714
36061023501,11.4,15.285714285714286
36061023502,0.6,1.2857142857142858
36061023600,4.4,4.571428571428571
36061023700,4.8,7.714285714285714
36061023802,0.0,0.5
36061023803,0.4,0.2857142857142857
36061023804,0.25,0.0
36061023900,0.8,0.7142857142857143
36061024000,1.0,0.0
36061024100,12.2,17.285714285714285
36061024200,3.2,5.714285714285714
36061024301,2.6,7.0
36061024302,0.2,0.8571428571428571
36061024500,34.6,30.0
36061024700,5.2,7.857142857142857
36061024900,1.0,1.5714285714285714
36061025100,4.0,5.428571428571429
36061025300,9.0,7.714285714285714
36061025500,7.0,8.142857142857142
36061025700,6.2,5.714285714285714
36061025900,5.2,7.0
36061026100,7.8,10.0
36061026300,6.4,9.285714285714286
36061026500,5.4,7.571428571428571
36061026700,1.8,1.0
36061026900,10.0,9.142857142857142
36061027100,7.2,8.285714285714286
36061027300,5.6,9.571428571428571
36061027500,1.4,2.8333333333333335
36061027700,7.6,6.714285714285714
36061027900,7.2,9.857142857142858
36061028100,0.8,1.2857142857142858
36061028300,5.8,8.285714285714286
36061028500,4.6,6.0
36061028700,5.6,9.571428571428571
36061029100,8.6,9.571428571428571
36061029300,9.2,10.142857142857142
36061029500,7.4,14.428571428571429
36061029700,1.6,3.0
36061029900,3.4,3.857142857142857
36061030300,7.2,13.285714285714286
36061030700,5.4,6.571428571428571
36061030900,38.2,22.142857142857142
36061031100,1.8,0.5714285714285714
36061031703,10.2,11.714285714285714
36061031704,8.2,5.0
36061031900,0.0,0.2857142857142857
36081000101,30.4,40.0
36081000102,5.2,7.714285714285714
36081000103,1.0,1.6666666666666667
36081000104,6.6,5.428571428571429
36081000200,112.4,87.28571428571429
36081000400,29.2,25.428571428571427
36081000600,12.4,11.285714285714286
36081000701,180.2,196.71428571428572
36081000702,19.0,23.285714285714285
36081000800,8.2,8.285714285714286
36081001000,9.6,11.857142857142858
36081001200,18.2,24.0
36081001400,13.6,20.428571428571427
36081001600,9.4,12.0
36081001800,4.6,3.0
36081001901,4.0,4.428571428571429
36081001902,8.6,9.571428571428571
36081001903,20.2,20.571428571428573
36081002000,2.6,4.428571428571429
36081002200,3.6,5.0
36081002400,4.4,4.428571428571429
36081002500,1.0,2.857142857142857
36081002600,3.4,3.2857142857142856
36081002800,6.4,4.714285714285714
36081003000,5.0,4.428571428571429
36081003100,16.2,11.428571428571429
36081003200,5.0,5.571428571428571
36081003301,12.8,6.714285714285714
36081003302,8.2,10.285714285714286
36081003400,9.8,8.142857142857142
36081003600,3.8,7.857142857142857
36081003700,2.2,0.5714285714285714
36081003800,6.2,6.714285714285714
36081003900,7.2,7.0
36081004001,2.6,4.714285714285714
36081004002,3.0,4.142857142857143
36081004200,7.4,7.285714285714286
36081004300,1.8,1.2857142857142858
36081004401,8.0,6.142857142857143
36081004500,4.8,2.857142857142857
36081004700,5.6,2.142857142857143
36081005000,0.0,0.0
36081005100,6.2,14.285714285714286
36081005200,2.8,4.285714285714286
36081005300,2.8,4.428571428571429
36081005400,6.4,7.428571428571429
36081005500,10.4,9.714285714285714
36081005700,6.8,7.142857142857143
36081005800,13.6,15.571428571428571
36081005900,3.8,2.5714285714285716
36081006100,7.6,7.0
36081006201,5.4,4.142857142857143
36081006202,18.8,19.285714285714285
36081006300,13.8,11.0
36081006501,136.6,147.85714285714286
36081006502,5.4,7.857142857142857
36081006900,4.8,7.285714285714286
36081007100,4.0,3.857142857142857
36081007300,1.6,2.4285714285714284
36081007500,7.8,6.714285714285714
36081007700,2.6,1.0
36081007900,4.4,5.857142857142857
36081008100,11.4,14.571428571428571
36081008300,4.8,5.428571428571429
36081008500,5.6,7.285714285714286
36081008600,7.4,9.285714285714286
36081008700,5.4,3.857142857142857
36081008800,12.4,9.857142857142858
36081009100,10.0,7.571428571428571
36081009400,5.8,6.428571428571429
36081009500,4.4,4.714285714285714
36081009600,6.4,5.571428571428571
36081009700,1.8,5.714285714285714
36081009800,3.0,4.285714285714286
36081009900,0.8,0.42857142857142855
36081010000,6.8,4.857142857142857
36081010100,3.4,3.4285714285714284
36081010200,5.6,4.142857142857143
36081010300,4.8,8.571428571428571
36081010400,3.2,2.2857142857142856
36081010500,2.4,2.5714285714285716
36081010600,7.0,10.285714285714286
36081010701,1.2,1.4285714285714286
36081010800,4.6,7.714285714285714
36081011000,4.4,4.857142857142857
36081011100,4.0,3.5714285714285716
36081011200,2.6,2.857142857142857
36081011300,11.6,11.857142857142858
36081011400,7.2,4.571428571428571
36081011500,10.4,13.428571428571429
36081011600,3.4,4.857142857142857
36081011700,4.6,4.285714285714286
36081011800,2.4,7.142857142857143
36081011900,7.6,6.571428571428571
36081012000,3.8,3.7142857142857144
36081012100,2.6,5.571428571428571
36081012200,3.6,5.428571428571429
36081012301,12.4,8.0
36081012400,3.4,2.7142857142857144
36081012500,3.8,4.571428571428571
36081012601,4.4,3.857142857142857
36081012602,4.6,9.0
36081012800,4.8,4.142857142857143
36081013000,2.8,2.2857142857142856
36081013200,1.2,2.0
36081013400,7.2,7.285714285714286
36081013500,1.4,2.0
36081013600,1.2,1.5714285714285714
36081013700,2.6,4.714285714285714
36081013800,3.6,4.857142857142857
36081014000,3.6,4.571428571428571
36081014100,2.6,3.7142857142857144
36081014201,1.8,2.4285714285714284
36081014202,2.4,3.2857142857142856
36081014300,4.6,5.142857142857143
36081014400,12.0,27.571428571428573
36081014500,5.4,3.857142857142857
36081014700,3.8,4.428571428571429
36081014800,2.4,3.0
36081014900,7.4,3.2857142857142856
36081015000,2.8,3.7142857142857144
36081015100,5.4,6.857142857142857
36081015200,7.6,7.142857142857143
36081015300,3.8,4.857142857142857
36081015400,2.8,5.571428571428571
36081015500,2.0,2.0
36081015600,9.2,15.428571428571429
36081015700,2.8,3.2857142857142856
36081015801,8.0,7.0
36081015802,16.4,14.285714285714286
36081015900,5.0,8.571428571428571
36081016100,3.0,2.5714285714285716
36081016300,3.2,4.571428571428571
36081016400,8.6,9.0
36081016600,7.6,7.428571428571429
36081016800,4.4,4.857142857142857
36081016900,13.0,7.571428571428571
36081017000,1.8,7.142857142857143
36081017101,2.6,1.7142857142857142
36081017102,4.0,4.857142857142857
36081017200,4.4,7.285714285714286
36081017400,7.2,3.5714285714285716
36081017600,6.0,4.857142857142857
36081017800,6.4,6.857142857142857
36081017901,6.2,6.571428571428571
36081017902,4.2,3.7142857142857144
36081018000,2.0,3.5714285714285716
36081018101,1.2,3.4285714285714284
36081018102,4.4,5.142857142857143
36081018200,6.6,3.0
36081018300,5.8,4.571428571428571
36081018401,2.6,3.7142857142857144
36081018402,6.8,3.2857142857142856
36081018501,3.2,6.0
36081018502,6.6,7.428571428571429
36081018600,5.2,3.7142857142857144
36081018700,4.2,8.714285714285714
36081018800,8.6,5.714285714285714
36081018900,7.0,9.571428571428571
36081019000,6.4,4.857142857142857
36081019200,2.2,2.2857142857142856
36081019400,2.8,4.0
36081019600,4.2,3.857142857142857
36081019800,3.6,3.7142857142857144
36081019901,7.6,9.428571428571429
36081019902,7.6,5.571428571428571
36081019903,0.0,0.8
36081020200,1.2,1.4285714285714286
36081020400,4.8,3.857142857142857
36081020500,3.4,4.714285714285714
36081020600,5.6,5.428571428571429
36081020800,7.6,7.285714285714286
36081021200,9.6,8.0
36081021400,7.8,7.285714285714286
36081021601,2.2,2.2857142857142856
36081021602,0.4,0.8571428571428571
36081021603,0.0,0.16666666666666666
36081021900,3.4,4.857142857142857
36081022001,5.0,10.428571428571429
36081022002,6.2,4.142857142857143
36081022900,26.8,30.428571428571427
36081023000,0.8,3.142857142857143
36081023200,2.4,2.857142857142857
36081023501,1.2,4.0
36081023502,1.2,2.4285714285714284
36081023600,1.4,3.0
36081023800,1.8,1.8571428571428572
36081024000,4.2,3.5714285714285716
36081024300,17.2,15.714285714285714
36081024500,7.0,8.285714285714286
36081024600,0.0,0.7142857142857143
36081024700,2.2,1.5714285714285714
36081024900,3.2,5.714285714285714
36081025100,6.6,6.714285714285714
36081025301,2.4,3.5714285714285716
36081025302,2.2,2.4285714285714284
36081025401,7.2,5.0
36081025402,2.0,5.285714285714286
36081025500,4.4,4.428571428571429
36081025700,2.4,4.142857142857143
36081025800,3.6,3.857142857142857
36081025900,11.6,5.0
36081026000,2.6,2.0
36081026100,3.8,5.571428571428571
36081026200,3.0,1.0
36081026300,14.2,16.857142857142858
36081026400,3.2,3.142857142857143
36081026501,2.0,3.142857142857143
36081026502,2.0,1.8571428571428572
36081026600,1.8,2.0
36081026700,2.2,2.857142857142857
36081026901,5.0,2.142857142857143
36081026902,1.0,2.857142857142857
36081027000,4.0,2.2857142857142856
36081027101,2.2,4.714285714285714
36081027102,1.0,1.0
36081027200,2.2,3.0
36081027301,2.0,4.857142857142857
36081027302,1.8,2.857142857142857
36081027400,1.0,2.5714285714285716
36081027500,4.2,4.0
36081027600,3.0,2.5714285714285716
36081027701,0.8,0.2857142857142857
36081027702,1.4,1.8571428571428572
36081027800,2.2,2.142857142857143
36081027900,3.8,2.5714285714285716
36081028000,3.4,1.8571428571428572
36081028100,3.4,5.0
36081028200,1.6,2.142857142857143
36081028300,1.4,4.428571428571429
36081028400,3.2,6.571428571428571
36081028500,6.8,9.142857142857142
36081028700,9.2,13.428571428571429
36081028801,7.0,5.428571428571429
36081028802,1.4,3.0
36081028803,0.2,1.1428571428571428
36081028900,1.8,5.714285714285714
36081029100,7.4,10.0
36081029300,2.8,2.0
36081029400,11.0,11.857142857142858
36081029500,9.2,9.428571428571429
36081029700,15.0,13.571428571428571
36081029900,0.6,0.0
36081030600,6.0,6.571428571428571
36081030903,20.8,16.857142857142858
36081030904,8.0,9.428571428571429
36081030905,4.2,5.428571428571429
36081030906,3.2,3.7142857142857144
36081031700,19.2,14.857142857142858
36081032000,7.0,8.285714285714286
36081032700,12.2,11.857142857142858
36081032800,2.2,5.142857142857143
36081032900,10.0,8.857142857142858
36081033000,7.2,8.857142857142858
36081033100,0.0,0.0
36081033401,2.4,3.7142857142857144
36081033403,0.2,0.2857142857142857
36081033404,0.2,0.14285714285714285
36081033405,3.8,3.857142857142857
36081033700,4.2,6.0
36081033900,3.6,3.7142857142857144
36081034700,9.2,7.428571428571429
36081035100,5.8,5.0
36081035200,3.2,1.2857142857142858
36081035300,2.8,3.2857142857142856
36081035700,14.4,14.714285714285714
36081035800,7.6,3.4285714285714284
36081036100,2.0,3.0
36081036300,1.6,3.5714285714285716
36081036500,1.2,1.2857142857142858
36081036600,3.6,3.857142857142857
36081036700,1.8,5.571428571428571
36081036800,2.0,2.2857142857142856
36081037100,3.2,2.7142857142857144
36081037300,4.0,1.8571428571428572
36081037501,0.0,0.5714285714285714
36081037502,1.4,0.8571428571428571
36081037600,10.2,12.0
36081037700,10.0,8.714285714285714
36081037900,4.6,6.571428571428571
36081038100,5.6,7.714285714285714
36081038301,1.6,1.0
36081038302,3.2,3.4285714285714284
36081038400,4.0,3.4285714285714284
36081039400,4.0,3.142857142857143
36081039800,0.8,1.2857142857142858
36081039901,7.2,6.571428571428571
36081039902,6.2,5.285714285714286
36081040000,4.0,4.714285714285714
36081040101,2.8,2.5714285714285716
36081040102,10.4,7.285714285714286
36081040200,2.4,2.5714285714285716
36081040301,1.0,1.4285714285714286
36081040302,2.6,3.142857142857143
36081040400,3.4,4.428571428571429
36081040501,0.2,1.0
36081040502,1.4,2.0
36081040701,4.2,3.7142857142857144
36081040702,2.6,2.5714285714285716
36081040901,0.6,0.5714285714285714
36081040902,1.6,1.8571428571428572
36081041100,1.0,1.7142857142857142
36081041300,6.6,5.714285714285714
36081041400,4.8,8.285714285714286
36081041500,9.4,6.428571428571429
36081042400,2.8,2.142857142857143
36081042600,1.0,0.5
36081042700,4.8,8.571428571428571
36081043200,1.6,3.4285714285714284
36081043400,2.0,2.142857142857143
36081043701,3.6,1.8571428571428572
36081043702,2.4,8.142857142857142
36081043900,4.8,6.714285714285714
36081044000,4.8,7.285714285714286
36081044301,4.4,6.428571428571429
36081044302,8.6,8.142857142857142
36081044400,17.4,19.285714285714285
36081044601,2.8,1.1428571428571428
36081044602,1.4,1.2857142857142858
36081044800,1.0,1.1428571428571428
36081045000,1.0,1.2857142857142858
36081045200,0.4,0.5714285714285714
36081045400,2.2,1.5714285714285714
36081045500,3.8,2.5714285714285716
36081045600,2.0,1.5
36081045700,4.2,4.571428571428571
36081045800,0.6,1.5714285714285714
36081045900,13.0,15.571428571428571
36081046000,2.8,2.857142857142857
36081046100,1.2,3.4285714285714284
36081046200,2.2,3.2857142857142856
36081046300,2.6,2.2857142857142856
36081046400,1.2,1.2857142857142858
36081046500,1.6,2.5714285714285716
36081046600,9.8,8.0
36081046700,2.6,4.142857142857143
36081046800,3.4,2.5714285714285716
36081046901,1.8,3.5714285714285716
36081046902,0.6,2.142857142857143
36081047000,4.0,3.7142857142857144
36081047100,1.4,3.4285714285714284
36081047200,1.4,0.5714285714285714
36081047300,4.8,8.428571428571429
36081047500,1.6,2.857142857142857
36081047600,1.6,1.0
36081047801,3.0,5.142857142857143
36081047802,0.4,0.14285714285714285
36081047900,3.8,4.428571428571429
36081048000,2.4,5.142857142857143
36081048100,1.4,2.0
36081048200,1.0,0.2857142857142857
36081048301,0.2,0.5714285714285714
36081048302,1.0,1.8571428571428572
36081048400,2.8,4.571428571428571
36081048500,1.8,5.285714285714286
36081048900,22.4,24.0
36081049201,0.8,0.42857142857142855
36081049202,2.0,0.8571428571428571
36081049301,13.6,7.714285714285714
36081049302,6.2,13.428571428571429
36081049500,5.6,10.142857142857142
36081049600,1.8,3.4285714285714284
36081049700,7.2,5.0
36081049900,11.8,10.857142857142858
36081050000,7.0,4.714285714285714
36081050201,1.0,1.2857142857142858
36081050202,1.8,0.8571428571428571
36081050400,2.2,0.8571428571428571
36081050500,3.4,3.857142857142857
36081050600,0.8,1.4285714285714286
36081050700,9.2,16.428571428571427
36081050800,1.6,1.8571428571428572
36081051000,2.6,1.5714285714285714
36081051100,8.2,12.285714285714286
36081051200,3.8,2.2857142857142856
36081051300,20.8,22.857142857142858
36081051500,22.2,23.142857142857142
36081051600,1.2,3.142857142857143
36081051700,5.2,8.714285714285714
36081051800,0.6,1.7142857142857142
36081052000,0.6,1.1428571428571428
36081052100,5.8,9.571428571428571
36081052200,1.8,1.5714285714285714
36081052400,0.8,2.142857142857143
36081052500,9.8,14.428571428571429
36081052600,0.8,0.2857142857142857
36081052800,1.8,0.8571428571428571
36081053000,1.2,2.142857142857143
36081053100,8.6,9.571428571428571
36081053200,5.8,6.142857142857143
36081053401,3.0,3.857142857142857
36081053501,4.0,1.7142857142857142
36081053502,2.2,1.0
36081053601,3.4,3.0
36081053800,1.4,1.4285714285714286
36081053901,12.4,14.857142857142858
36081053902,0.8,1.2857142857142858
36081054000,6.2,6.142857142857143
36081054200,4.4,5.285714285714286
36081054500,5.2,8.857142857142858
36081054700,10.0,9.714285714285714
36081054800,4.4,1.7142857142857142
36081054900,5.0,7.0
36081055100,7.0,4.857142857142857
36081055200,3.2,2.7142857142857144
36081055300,5.6,7.285714285714286
36081055400,5.0,2.0
36081055500,5.6,2.5714285714285716
36081055600,3.0,1.2857142857142858
36081055700,4.4,7.285714285714286
36081055800,0.4,0.42857142857142855
36081055900,5.6,2.2857142857142856
36081056000,2.0,3.142857142857143
36081056100,5.4,4.0
36081056200,1.0,1.2857142857142858
36081056400,0.8,1.7142857142857142
36081056500,4.8,4.571428571428571
36081056600,0.8,2.142857142857143
36081056700,28.0,27.0
36081056800,4.0,4.857142857142857
36081057700,11.0,14.714285714285714
36081057900,1.6,2.142857142857143
36081058000,3.4,3.0
36081058100,12.4,12.571428571428571
36081058200,6.6,4.428571428571429
36081058300,1.8,5.428571428571429
36081058500,24.0,31.714285714285715
36081058700,7.0,5.857142857142857
36081058900,4.6,4.0
36081059000,0.4,0.5714285714285714
36081059100,6.6,4.571428571428571
36081059200,0.2,0.5714285714285714
36081059300,3.6,4.857142857142857
36081059400,1.8,2.0
36081059501,4.4,4.428571428571429
36081059502,6.8,7.142857142857143
36081059600,1.4,0.2857142857142857
36081059800,1.0,0.5714285714285714
36081059900,6.8,4.285714285714286
36081060000,2.2,1.1428571428571428
36081060100,12.6,9.571428571428571
36081060300,18.0,11.428571428571429
36081060600,5.2,4.428571428571429
36081060701,3.6,3.4285714285714284
36081060800,1.4,2.4285714285714284
36081061000,5.4,6.571428571428571
36081061200,4.4,3.0
36081061301,23.2,24.428571428571427
36081061302,0.0,0.25
36081061400,1.0,2.142857142857143
36081061601,2.0,2.2857142857142856
36081061602,2.0,1.0
36081061800,2.0,3.0
36081061900,6.0,5.285714285714286
36081062000,1.4,1.4285714285714286
36081062100,10.2,8.571428571428571
36081062200,6.0,2.857142857142857
36081062300,10.6,13.0
36081062500,7.2,7.714285714285714
36081062600,2.4,2.5714285714285716
36081062700,6.4,9.857142857142858
36081062900,12.0,12.142857142857142
36081063000,2.0,1.8571428571428572
36081063200,1.4,2.2857142857142856
36081063301,8.2,6.285714285714286
36081063302,3.8,6.0
36081063500,7.0,7.428571428571429
36081063700,10.2,10.714285714285714
36081063800,2.4,4.142857142857143
36081063900,12.2,13.428571428571429
36081064101,1.6,2.0
36081064102,0.2,0.7142857142857143
36081064500,4.8,5.285714285714286
36081064600,3.2,1.8571428571428572
36081065000,1.8,6.0
36081065401,5.4,4.142857142857143
36081065402,0.2,0.2857142857142857
36081065501,0.6666666666666666,0.8571428571428571
36081065600,6.4,6.142857142857143
36081065702,16.4,9.142857142857142
36081065703,6.4,4.857142857142857
36081065900,7.4,3.857142857142857
36081066000,2.6,3.0
36081066100,3.0,1.5714285714285714
36081066301,6.6,5.285714285714286
36081066302,0.6,0.2857142857142857
36081066401,3.2,4.0
36081066402,5.4,6.0
36081066403,7.0,5.0
36081066404,0.0,0.0
36081066501,8.8,5.0
36081066701,11.6,16.857142857142858
36081066900,8.4,11.428571428571429
36081067100,4.0,6.0
36081067700,2.4,2.142857142857143
36081067900,6.6,7.142857142857143
36081068000,10.8,8.428571428571429
36081068200,1.4,2.2857142857142856
36081068300,3.6,7.142857142857143
36081068700,4.8,4.428571428571429
36081069000,8.4,3.0
36081069300,2.4,4.142857142857143
36081069400,3.4,3.857142857142857
36081069500,4.8,2.857142857142857
36081069701,13.8,15.857142857142858
36081069702,2.8,3.2857142857142856
36081070300,5.2,4.571428571428571
36081070700,2.8,2.5714285714285716
36081070900,3.2,3.0
36081071100,5.4,7.285714285714286
36081071303,3.2,3.0
36081071304,6.0,6.571428571428571
36081071305,3.6,6.142857142857143
36081071306,12.4,19.857142857142858
36081071600,2.0,2.5714285714285716
36081071701,6.2,4.0
36081071702,9.0,8.571428571428571
36081071900,1.0,1.1428571428571428
36081072100,1.4,1.8571428571428572
36081072300,1.6,1.7142857142857142
36081072900,1.6,1.2857142857142858
36081073100,2.2,2.0
36081073700,1.2,0.5714285714285714
36081073900,2.6,1.2857142857142858
36081074100,1.8,2.857142857142857
36081074300,1.0,1.0
36081074500,4.8,4.285714285714286
36081074700,4.0,4.142857142857143
36081074900,0.6,2.857142857142857
36081075701,1.0,2.142857142857143
36081075702,0.8,1.7142857142857142
36081076901,0.8,1.0
36081076902,0.4,0.7142857142857143
36081077300,1.8,0.8571428571428571
36081077500,4.2,2.7142857142857144
36081077902,7.0,5.571428571428571
36081077903,1.6,2.4285714285714284
36081077904,5.4,2.857142857142857
36081077905,1.8,1.5714285714285714
36081077906,1.4,2.142857142857143
36081077907,2.0,3.857142857142857
36081077908,0.8,2.0
36081078800,1.2,2.0
36081079000,3.0,2.2857142857142856
36081079200,4.0,7.428571428571429
36081079701,1.8,1.8571428571428572
36081079702,1.8,1.4285714285714286
36081079900,10.4,13.142857142857142
36081080301,4.4,4.142857142857143
36081080302,5.6,6.142857142857143
36081080900,4.6,6.857142857142857
36081081400,8.0,7.285714285714286
36081081800,9.4,11.0
36081083700,13.0,9.571428571428571
36081083800,16.8,15.428571428571429
36081084000,10.6,14.857142857142858
36081084500,2.4,3.7142857142857144
36081084601,9.4,11.428571428571429
36081084602,17.0,20.571428571428573
36081084901,3.0,3.0
36081084902,0.4,1.1428571428571428
36081085300,1.8,1.2857142857142858
36081085500,3.0,0.7142857142857143
36081085700,0.8,1.1428571428571428
36081085900,3.6,3.4285714285714284
36081086100,2.2,1.5714285714285714
36081086300,2.4,1.0
36081086400,9.4,8.857142857142858
36081086500,4.6,4.0
36081086900,21.6,17.142857142857142
36081087100,7.2,9.0
36081088400,22.2,15.285714285714286
36081088902,24.8,23.0
36081088903,4.8,5.714285714285714
36081089201,4.8,6.714285714285714
36081089202,0.0,0.0
36081090700,10.4,9.142857142857142
36081091603,3.0,1.7142857142857142
36081091800,0.75,1.6666666666666667
36081091900,10.4,13.285714285714286
36081092200,13.4,11.142857142857142
36081092500,7.8,7.285714285714286
36081092800,11.4,10.285714285714286
36081092900,15.8,27.571428571428573
36081093401,33.4,22.285714285714285
36081093402,11.2,11.428571428571429
36081093800,29.6,12.857142857142858
36081093900,9.2,7.571428571428571
36081094201,22.0,13.428571428571429
36081094202,14.6,13.571428571428571
36081094203,15.0,6.857142857142857
36081094500,6.2,7.142857142857143
36081094700,8.6,8.714285714285714
36081095400,5.2,3.142857142857143
36081096400,4.8,4.285714285714286
36081097202,0.8,0.8571428571428571
36081097204,3.4,2.5714285714285716
36081097205,0.0,0.14285714285714285
36081097206,0.8,1.5714285714285714
36081097207,0.0,0.0
36081097300,1.8,0.7142857142857143
36081098100,5.0,5.0
36081098700,3.4,4.285714285714286
36081099100,7.4,10.142857142857142
36081099200,2.8,3.4285714285714284
36081099701,3.2,1.8571428571428572
36081099703,10.4,3.7142857142857144
36081099704,7.2,6.142857142857143
36081099705,3.0,1.8571428571428572
36081099801,1.8,3.4285714285714284
36081099802,1.2,2.142857142857143
36081099900,0.0,0.4
36081100801,0.8,0.5714285714285714
36081100803,4.0,4.571428571428571
36081100804,1.6,2.5714285714285716
36081101002,10.2,10.142857142857142
36081101003,1.6,2.0
36081101004,5.6,6.142857142857143
36081101700,3.8,7.142857142857143
36081102900,6.2,5.428571428571429
36081103201,2.8,4.714285714285714
36081103202,10.8,7.857142857142857
36081103300,11.0,10.571428571428571
36081103900,11.2,9.571428571428571
36081104700,12.2,11.0
36081105900,4.0,4.714285714285714
36081107201,4.8,3.0
36081107202,0.0,0.0
36081108500,6.8,6.428571428571429
36081109300,2.8,2.0
36081109700,3.8,6.0
36081109900,3.6,3.142857142857143
36081111300,3.2,2.5714285714285716
36081112300,3.0,3.7142857142857144
36081112900,2.2,4.142857142857143
36081113300,2.4,2.4285714285714284
36081113900,6.0,6.714285714285714
36081114100,2.4,3.4285714285714284
36081114700,0.8,1.7142857142857142
36081115100,0.4,0.5714285714285714
36081115500,2.2,1.2857142857142858
36081115700,3.0,1.7142857142857142
36081115900,3.0,4.142857142857143
36081116100,0.8,0.7142857142857143
36081116301,1.8,1.5714285714285714
36081116302,2.2,0.7142857142857143
36081116700,17.0,8.285714285714286
36081117100,5.8,5.857142857142857
36081117500,4.4,6.428571428571429
36081118100,0.6,2.2857142857142856
36081118500,5.2,4.857142857142857
36081118700,9.0,7.714285714285714
36081118900,13.4,8.571428571428571
36081119100,5.2,8.571428571428571
36081119300,6.0,4.0
36081119500,1.25,3.2857142857142856
36081119900,4.6,4.571428571428571
36081120100,3.0,1.4285714285714286
36081120300,5.4,3.7142857142857144
36081120500,5.6,4.428571428571429
36081120701,5.0,4.571428571428571
36081120702,0.3333333333333333,0.5
36081121100,0.4,0.7142857142857143
36081121500,11.0,9.571428571428571
36081122300,1.8,3.2857142857142856
36081122702,8.8,12.142857142857142
36081122703,9.0,7.142857142857143
36081122704,22.4,15.428571428571429
36081124100,6.6,8.571428571428571
36081124700,0.4,1.7142857142857142
36081125700,23.2,21.714285714285715
36081126500,2.0,1.2857142857142858
36081126700,8.8,8.571428571428571
36081127700,4.6,2.4285714285714284
36081128300,0.4,0.2857142857142857
36081129102,3.6,3.5714285714285716
36081129103,1.2,4.571428571428571
36081129104,5.6,7.142857142857143
36081130100,5.8,8.142857142857142
36081133300,7.6,6.285714285714286
36081133900,0.8,1.0
36081134100,7.4,5.285714285714286
36081134701,4.4,7.142857142857143
36081134702,10.8,7.285714285714286
36081136700,3.8,6.428571428571429
36081137700,6.8,9.0
36081138501,4.4,9.142857142857142
36081138502,1.6,1.0
36081139900,1.2,0.7142857142857143
36081140300,2.2,3.2857142857142856
36081140901,2.4,2.2857142857142856
36081140902,5.0,4.285714285714286
36081141700,4.2,5.142857142857143
36081142900,6.4,6.714285714285714
36081143500,1.2,1.4285714285714286
36081144100,2.8,3.142857142857143
36081144700,6.8,2.857142857142857
36081145101,2.8,2.0
36081145102,4.0,2.4285714285714284
36081145900,3.2,2.7142857142857144
36081146300,5.4,4.714285714285714
36081146700,6.8,5.428571428571429
36081147100,11.0,9.714285714285714
36081147900,7.4,11.571428571428571
36081148300,3.6,2.4285714285714284
36081150701,2.0,3.857142857142857
36081150702,4.4,2.7142857142857144
36081152901,8.8,10.714285714285714
36081152902,6.4,5.0
36081155101,1.0,0.0
36081155103,4.8,3.857142857142857
36081155104,6.2,7.142857142857143
36081156700,3.2,5.571428571428571
36081157101,13.4,10.714285714285714
36081157102,2.2,2.0
36081157901,4.2,4.142857142857143
36081157902,2.4,3.0
36081157903,5.4,4.0
36081161700,4.8,3.857142857142857
36081162100,8.2,7.0
36085000300,2.4,1.1428571428571428
36085000600,3.4,2.5714285714285716
36085000700,5.0,4.857142857142857
36085000800,6.8,8.0
36085000900,2.0,3.4285714285714284
36085001100,2.0,3.0
36085001700,1.4,2.7142857142857144
36085001800,0.3333333333333333,0.0
36085002001,2.4,4.142857142857143
36085002002,3.4,4.285714285714286
36085002100,6.2,5.857142857142857
36085002700,1.0,2.2857142857142856
36085002900,4.0,3.7142857142857144
36085003300,4.2,2.4285714285714284
36085003600,10.2,12.0
36085003900,1.2,1.7142857142857142
36085004001,0.6,1.2857142857142858
36085004002,2.4,0.8571428571428571
36085004003,1.4,1.5714285714285714
36085004004,3.0,2.142857142857143
36085004700,1.2,2.857142857142857
36085005000,3.2,5.428571428571429
36085005901,3.0,5.857142857142857
36085005902,0.0,0.0
36085006400,2.4,4.0
36085006700,2.2,1.2857142857142858
36085007001,1.8,3.5714285714285716
36085007002,5.8,3.4285714285714284
36085007400,2.6,2.5714285714285716
36085007500,2.8,5.142857142857143
36085007700,0.8,1.4285714285714286
36085008100,2.4,4.428571428571429
36085009601,3.2,3.0
36085009602,4.0,5.857142857142857
36085009701,3.4,3.4285714285714284
36085009702,0.0,0.2
36085010500,3.8,4.142857142857143
36085011201,11.4,9.285714285714286
36085011203,3.2,7.142857142857143
36085011204,0.75,0.3333333333333333
36085011401,1.8,2.7142857142857144
36085011402,2.4,5.571428571428571
36085012100,1.2,2.4285714285714284
36085012200,5.0,1.7142857142857142
36085012500,3.4,5.571428571428571
36085012804,11.8,11.285714285714286
36085012805,0.0,1.8571428571428572
36085012806,4.2,4.857142857142857
36085013201,0.4,1.1428571428571428
36085013203,3.8,3.0
36085013204,3.0,2.2857142857142856
36085013301,0.6,0.0
36085013302,9.8,6.0
36085013400,6.4,4.571428571428571
36085013800,4.8,3.857142857142857
36085014100,2.8,2.5714285714285716
36085014604,4.0,3.2857142857142856
36085014605,1.6,2.0
36085014606,10.0,5.285714285714286
36085014607,2.8,3.0
36085014608,4.6,2.0
36085014700,3.8,2.2857142857142856
36085015100,4.0,4.571428571428571
36085015400,0.0,0.25
36085015601,5.0,4.714285714285714
36085015602,2.6,1.7142857142857142
36085015603,3.4,5.0
36085016901,2.2,3.142857142857143
36085017005,6.2,5.714285714285714
36085017007,4.2,3.4285714285714284
36085017009,2.6,1.7142857142857142
36085017011,1.8,1.7142857142857142
36085017012,5.6,4.285714285714286
36085017013,8.0,7.857142857142857
36085017014,8.4,7.0
36085017015,1.0,2.0
36085017016,6.8,6.857142857142857
36085017300,1.2,1.0
36085017600,2.0,2.7142857142857144
36085017701,3.2,4.571428571428571
36085017702,2.8,1.5714285714285714
36085018100,0.4,2.7142857142857144
36085018701,3.2,2.4285714285714284
36085018703,3.2,2.857142857142857
36085018704,3.2,7.571428571428571
36085018901,4.6,5.0
36085018902,4.2,4.571428571428571
36085019700,1.8,1.7142857142857142
36085019800,13.2,11.142857142857142
36085020100,10.8,5.0
36085020701,4.6,5.142857142857143
36085020702,4.2,6.285714285714286
36085020803,5.0,6.571428571428571
36085020804,2.2,2.4285714285714284
36085020805,5.8,7.285714285714286
36085020806,2.4,3.2857142857142856
36085021300,7.0,7.0
36085022300,4.8,7.142857142857143
36085022601,5.8,5.142857142857143
36085022602,2.8,4.142857142857143
36085022801,0.0,0.42857142857142855
36085022802,0.0,0.2857142857142857
36085023100,1.4,2.857142857142857
36085023900,5.8,2.857142857142857
36085024401,4.0,5.571428571428571
36085024402,4.4,3.4285714285714284
36085024700,1.2,3.5714285714285716
36085024800,5.4,4.428571428571429
36085025100,9.8,4.0
36085027301,2.0,2.142857142857143
36085027302,2.8,2.5714285714285716
36085027702,5.6,7.142857142857143
36085027704,2.4,2.4285714285714284
36085027705,6.0,4.571428571428571
36085027706,3.0,3.4285714285714284
36085027900,1.0,1.8571428571428572
36085029102,5.8,6.428571428571429
36085029104,4.2,4.571428571428571
36085029105,1.2,4.285714285714286
36085029106,1.4,3.7142857142857144
36085030301,7.8,7.285714285714286
36085030302,7.2,9.0
36085031901,1.0,1.4285714285714286
36085031902,1.8,4.142857142857143
36085032300,1.6,1.4285714285714286
